vol,logmean,gap_area_percent,forest_map,closed,open,other,fire,fire_bb,w,year
0,0,100,other,0,0,1,0,1,1,2018
0,0,100,other,0,0,1,0,1,1,2018
31.913996639492,2.19955891590767,78.9166666666667,closed,1,0,0,0,1,2.50980401039124,2018
0,0,100,other,0,0,1,0,1,8,2018
17.5809603886162,1.80430358080866,32.5,closed,1,0,0,0,1,2.50980401039124,2018
0,1.70437996399985,99.1666666666667,open,0,1,0,0,1,5.01960802078247,2018
0,0,100,other,0,0,1,0,1,1,2018
0,0,100,other,0,0,1,0,1,1,2018
0,0,100,other,0,0,1,0,1,1,2018
79.5269838339849,2.2880077930138,17.8333333333333,closed,1,0,0,1,1,2.50980401039124,2018
0,2.09303879476727,75.1111111111111,other,0,0,1,0,1,1,2018
0,0,100,other,0,0,1,0,1,2.50980401039124,2018
0,0,100,other,0,0,1,0,1,1,2018
0,0,100,other,0,0,1,0,1,1,2018
0,0,100,other,0,0,1,0,1,1,2018
0,0,100,other,0,0,1,0,1,1,2018
0,1.82933977388135,88.6111111111111,closed,1,0,0,0,1,5.01960802078247,2018
0,3.88068286844155,91.8888888888889,other,0,0,1,0,1,1,2018
0,1.9408441495175,44.6388888888889,other,0,0,1,0,1,1,2018
10.6110257236844,1.70105517230511,96.5,closed,1,0,0,0,1,2.50980401039124,2018
0,0,100,other,0,0,1,0,1,1,2018
0,2.22449590516024,66.25,other,0,0,1,0,1,1,2018
0,0,100,other,0,0,1,0,1,1,2018
0,0,100,other,0,0,1,0,1,1,2018
30.4598368912543,2.08734635683824,95.8333333333333,open,0,1,0,0,1,5.01960802078247,2018
0,0,100,other,0,0,1,1,1,5.01960802078247,2018
0,0,100,other,0,0,1,0,1,1,2018
0,0,100,other,0,0,1,0,1,1,2018
0,1.78866903251143,99.9166666666667,other,0,0,1,1,1,1,2018
0,0,100,other,0,0,1,0,1,1,2018
0,0,100,other,0,0,1,0,1,1,2018
9.39563265168064,0,100,open,0,1,0,0,1,5.01960802078247,2018
0,0,100,other,0,0,1,0,1,5.01960802078247,2018
0,0,100,other,0,0,1,0,1,1,2018
21.4175126934838,1.83887609698226,83.9444444444444,closed,1,0,0,0,1,5.01960802078247,2018
0,0,100,other,0,0,1,0,1,1,2018
0,1.94346751441076,98.5833333333333,open,0,1,0,0,1,2.50980401039124,2018
0,0,100,other,0,0,1,0,1,1,2018
0,2.55448726276289,82.0555555555556,other,0,0,1,0,1,1,2018
0,0,100,other,0,0,1,0,1,1,2018
0,0,100,other,0,0,1,0,1,1,2018
30.4948509998895,1.93347969650084,37.4444444444444,closed,1,0,0,1,1,2.50980401039124,2018
0,0,100,other,0,0,1,0,1,1,2018
0,0,100,other,0,0,1,0,1,1,2018
0,1.64527926239219,99.6666666666667,open,0,1,0,0,1,5.01960802078247,2018
0,0,100,other,0,0,1,0,1,1,2018
0,0,100,other,0,0,1,0,1,1,2018
0,0,100,other,0,0,1,0,1,1,2018
0,2.04287765470393,82.6944444444444,other,0,0,1,0,1,1,2018
0,0,100,other,0,0,1,0,1,1,2018
0,0,100,other,0,0,1,0,1,1,2018
0,2.05563605314572,37,other,0,0,1,0,1,1,2018
0,0,100,other,0,0,1,0,1,1,2018
0,0,100,other,0,0,1,0,1,1,2018
0,0,100,other,0,0,1,0,1,1,2019
0,1.63736362973103,99.8333333333333,other,0,0,1,0,1,1,2019
0,0,100,other,0,0,1,0,1,1,2019
0,0,100,other,0,0,1,0,1,1,2019
0,0,100,other,0,0,1,0,1,8,2019
0,0,100,other,0,0,1,0,1,1,2019
0,2.04513237686237,92.7777777777778,other,0,0,1,1,1,1,2019
0,2.07019319407564,26.3333333333333,other,0,0,1,0,1,1,2019
40.7759001466349,2.30126939672414,76.6944444444444,closed,1,0,0,0,1,4.8301887512207,2019
0,0,100,other,0,0,1,0,1,1,2019
0,0,100,other,0,0,1,0,1,1,2019
0,0,100,other,0,0,1,0,1,1,2019
0,1.98018899047392,97.6666666666667,other,0,0,1,0,1,1,2019
0,2.02910404521879,97.6388888888889,other,0,0,1,0,1,1,2019
95.8662387247145,1.8995637700094,56.8611111111111,closed,1,0,0,0,1,4.8301887512207,2019
0,2.18729492593966,91.1944444444444,other,0,0,1,0,1,1,2019
0,0,100,other,0,0,1,0,1,8,2019
0,0,100,other,0,0,1,0,1,1,2019
0,0,100,other,0,0,1,0,1,1,2019
0,0,100,other,0,0,1,0,1,1,2019
37.0401402936825,1.94887039978102,57.0277777777778,closed,1,0,0,1,1,2.41509437561035,2019
0,0,100,other,0,0,1,0,1,1,2019
0,1.86167539734791,88.0833333333333,other,0,0,1,0,1,1,2019
0,0,100,other,0,0,1,0,1,1,2019
0,0,100,other,0,0,1,0,1,1,2019
26.7241438852079,2.03295332125182,55.4444444444444,closed,1,0,0,1,1,4.8301887512207,2019
35.0345150011148,1.72445898736691,88.4444444444444,closed,1,0,0,0,1,4.8301887512207,2019
0,0,100,other,0,0,1,0,1,1,2019
0,0,100,other,0,0,1,0,1,8,2019
55.2240791584894,1.6514710872418,99.9444444444444,closed,1,0,0,0,1,2.41509437561035,2019
0,0,100,other,0,0,1,0,1,8,2019
0,0,100,open,0,1,0,1,1,1,2019
0,2.07574904268079,97.6666666666667,other,0,0,1,1,1,4,2019
11.5169651115467,1.67452098589869,98.6111111111111,closed,1,0,0,0,1,4.8301887512207,2019
0,0,100,other,0,0,1,0,1,1,2019
0,0,100,other,0,0,1,0,1,1,2019
0,0,100,other,0,0,1,0,1,1,2019
0,0,100,other,0,0,1,0,1,1,2019
0,1.87483387423737,84.3611111111111,other,0,0,1,0,1,1,2019
0,1.62899355731868,82.8611111111111,other,0,0,1,0,1,1,2019
0,0,100,other,0,0,1,0,1,1,2019
0,0,100,other,0,0,1,0,1,1,2019
0,1.78385911427382,93.8888888888889,open,0,1,0,0,1,4.8301887512207,2019
0,0,100,other,0,0,1,0,1,1,2019
0,0,100,other,0,0,1,0,1,1,2019
0,0,100,other,0,0,1,0,1,1,2019
0,0,100,other,0,0,1,0,1,1,2019
18.8393344508718,1.98160122948642,69.0277777777778,closed,1,0,0,0,1,2.41509437561035,2019
0,0,100,other,0,0,1,1,1,1,2019
0,0,100,other,0,0,1,0,1,1,2019
0,0,100,other,0,0,1,0,1,1,2019
0,0,100,other,0,0,1,0,1,1,2019
4.31599985586251,1.63413770469315,98.3333333333333,closed,1,0,0,0,1,4.8301887512207,2019
0,0,100,other,0,0,1,0,1,1,2019
0,1.69131872081839,0,other,0,0,1,0,1,1,2019
0,0,100,other,0,0,1,0,1,1,2020
0,0,100,other,0,0,1,0,1,1,2020
0,0,100,closed,1,0,0,0,1,4.65454530715942,2020
140.424722279117,2.57054553682042,38.75,closed,1,0,0,0,1,2.32727265357971,2020
0,0,100,other,0,0,1,0,1,1,2020
0,0,100,other,0,0,1,0,1,1,2020
0,0,100,other,0,0,1,0,1,1,2020
0,0,100,other,0,0,1,1,1,4,2020
0.737986162852582,1.76945386887503,95.9444444444444,open,0,1,0,0,1,4.65454530715942,2020
0,1.82231469066136,97.9166666666667,other,0,0,1,0,1,1,2020
0,1.78282402875597,97.3055555555556,other,0,0,1,0,1,1,2020
0,1.76024955659906,98.0833333333333,other,0,0,1,0,1,1,2020
0,0,100,other,0,0,1,1,1,1,2020
0,1.85114336840449,98.6944444444444,other,0,0,1,1,1,1,2020
0,0,100,other,0,0,1,0,1,1,2020
0,0,100,other,0,0,1,0,1,1,2020
0,0,100,other,0,0,1,0,1,1,2020
48.1453550560659,1.940900999566,98.5555555555556,closed,1,0,0,0,1,2.32727265357971,2020
0,1.89636766879598,93.2222222222222,other,0,0,1,1,1,4,2020
35.3306246225374,2.06950039220609,32,closed,1,0,0,0,1,4.65454530715942,2020
59.0517945052339,1.786047087573,38.3055555555556,closed,1,0,0,0,1,4.65454530715942,2020
0,0,100,other,0,0,1,0,1,1,2020
0,0,100,other,0,0,1,0,1,1,2020
0,0,100,other,0,0,1,0,1,1,2020
0,0,100,other,0,0,1,1,1,2.32727265357971,2020
82.2969537932126,1.96945432817634,45.6666666666667,closed,1,0,0,0,1,2.32727265357971,2020
0,0,100,other,0,0,1,0,1,1,2020
0,1.91739293312311,93.3888888888889,open,0,1,0,0,1,4.65454530715942,2020
0,0,100,other,0,0,1,0,1,1,2020
0,1.75467260247881,89.5833333333333,other,0,0,1,0,1,1,2020
0,1.85042953585248,93.0555555555556,other,0,0,1,0,1,1,2020
0,0,100,closed,1,0,0,0,1,2.32727265357971,2020
0,0,100,other,0,0,1,1,1,8,2020
0,0,100,other,0,0,1,0,1,4.65454530715942,2020
0,1.78797010936994,90.1111111111111,other,0,0,1,0,1,1,2020
0,2.05398823755493,99.9166666666667,other,0,0,1,0,1,1,2020
0,1.80986575400381,95.1388888888889,other,0,0,1,0,1,1,2020
0,0,100,other,0,0,1,0,1,1,2020
0,1.76078187406505,99.1944444444444,other,0,0,1,0,1,1,2020
0,0,100,other,0,0,1,0,1,1,2020
0,0,100,other,0,0,1,0,1,1,2020
118.904631016551,2.20095665547937,14.5277777777778,closed,1,0,0,0,1,4.65454530715942,2020
0,0,100,other,0,0,1,0,1,8,2020
0,0,100,other,0,0,1,0,1,1,2020
5.97685807692657,0,100,closed,1,0,0,0,1,2.32727265357971,2020
0,1.69158501219787,99.4444444444444,other,0,0,1,0,1,1,2020
0,0,100,other,0,0,1,0,1,1,2020
0,0,100,other,0,0,1,0,1,1,2021
0,0,100,other,0,0,1,0,1,1,2021
9.88422831833578,2.32516091493977,96,open,0,1,0,0,1,4.8301887512207,2021
0,1.67189052784794,97.4444444444444,other,0,0,1,0,1,1,2021
0,1.64292209205667,98.2222222222222,other,0,0,1,0,1,1,2021
0,0,100,other,0,0,1,0,1,2.41509437561035,2021
8.77725894321739,1.72422319952484,97.6388888888889,closed,1,0,0,0,1,4.8301887512207,2021
0,0,100,other,0,0,1,0,1,1,2021
0,0,100,other,0,0,1,1,1,1,2021
0,1.84466228713611,99.4722222222222,other,0,0,1,0,1,1,2021
91.6721454006249,2.31275253588206,32.1388888888889,closed,1,0,0,0,1,2.41509437561035,2021
0,1.70419351148148,99.4722222222222,other,0,0,1,0,1,4,2021
0,0,100,other,0,0,1,0,1,1,2021
0,1.90337512429925,96.5277777777778,open,0,1,0,1,1,4.8301887512207,2021
0,0,100,other,0,0,1,0,1,1,2021
0,0,100,other,0,0,1,0,1,1,2021
0,0,100,other,0,0,1,0,1,1,2021
0,1.67914863872333,99.75,other,0,0,1,0,1,1,2021
0,1.93374033499401,81.5,other,0,0,1,0,1,2.41509437561035,2021
0,0,100,other,0,0,1,0,1,1,2021
0,1.75063787344403,99.5555555555556,other,0,0,1,0,1,1,2021
0,0,100,other,0,0,1,0,1,1,2021
0,0,100,other,0,0,1,1,1,4.8301887512207,2021
0,0,100,other,0,0,1,0,1,1,2021
0,0,100,other,0,0,1,0,1,1,2021
12.9322866092807,1.69633245336789,84.1666666666667,closed,1,0,0,0,1,2.41509437561035,2021
0,1.80756739510592,97.6111111111111,other,0,0,1,0,1,1,2021
0,0,100,other,0,0,1,0,1,8,2021
81.6151604631309,1.67722447715091,96.1944444444444,closed,1,0,0,0,1,4.8301887512207,2021
0,1.69876356040799,98.8611111111111,other,0,0,1,0,1,1,2021
0,0,100,other,0,0,1,1,1,4.8301887512207,2021
0,0,100,other,0,0,1,0,1,1,2021
0,1.77137649438653,80.5833333333333,other,0,0,1,0,1,1,2021
0,2.15004732310314,89.4722222222222,other,0,0,1,0,1,1,2021
0,0,100,other,0,0,1,0,1,1,2021
0,0,100,other,0,0,1,0,1,1,2021
0,1.8230401955722,84.5833333333333,other,0,0,1,0,1,1,2021
0,1.78905996807436,89.1944444444444,other,0,0,1,0,1,1,2021
0,0,100,other,0,0,1,0,1,1,2021
0,0,100,other,0,0,1,0,1,1,2021
0,0,100,other,0,0,1,0,1,1,2021
0,0,100,other,0,0,1,0,1,1,2021
0,1.8434661713527,95.1388888888889,other,0,0,1,0,1,1,2021
0,1.75583197249955,99.9444444444444,other,0,0,1,0,1,1,2021
0,0,100,other,0,0,1,0,1,1,2021
0,1.76225966423862,96.1666666666667,other,0,0,1,0,1,1,2021
0,0,100,other,0,0,1,0,1,1,2021
0,0,100,other,0,0,1,0,1,1,2021
0,0,100,other,0,0,1,0,1,1,2022
0,0,100,other,0,0,1,0,1,1,2022
0,2.6377371886597,82.1388888888889,other,0,0,1,0,1,1,2022
0,0,100,other,0,0,1,0,1,1,2022
8.14040208119638,1.97365246381294,92.5277777777778,other,0,0,1,1,1,2.32727265357971,2022
0,0,100,other,0,0,1,0,1,1,2022
0,0,100,other,0,0,1,0,1,1,2022
27.3272470328969,2.03059121768418,69.1944444444444,closed,1,0,0,0,1,2.32727265357971,2022
70.1838855651115,1.88341801678225,51.6388888888889,closed,1,0,0,0,1,4.65454530715942,2022
0,2.4385888176004,96.6944444444444,other,0,0,1,0,1,1,2022
0,1.74288302190263,74.4444444444444,other,0,0,1,0,1,1,2022
0,0,100,other,0,0,1,0,1,1,2022
0,0,100,other,0,0,1,0,1,1,2022
0,0,100,other,0,0,1,1,1,1,2022
0,1.71326080387017,98.9166666666667,other,0,0,1,0,1,1,2022
0,0,100,other,0,0,1,0,1,1,2022
0,0,100,other,0,0,1,0,1,1,2022
0,0,100,other,0,0,1,0,1,1,2022
7.27155650177073,1.96827154865815,98.9722222222222,other,0,0,1,0,1,8,2022
0,0,100,other,0,0,1,0,1,1,2022
0,0,100,other,0,0,1,0,1,1,2022
6.80859436862796,1.69737802514032,98.0277777777778,closed,1,0,0,0,1,4.65454530715942,2022
54.0606581534161,1.76648202588757,50.7222222222222,closed,1,0,0,0,1,4.65454530715942,2022
0,1.76984195276142,99.1666666666667,other,0,0,1,0,1,1,2022
0,0,100,other,0,0,1,0,1,1,2022
0,1.91146154396747,97.4166666666667,other,0,0,1,0,1,1,2022
0,1.88058639283391,46.3888888888889,other,0,0,1,0,1,1,2022
0,0,100,other,0,0,1,0,1,1,2022
0,0,100,other,0,0,1,0,1,1,2022
0,0,100,other,0,0,1,0,1,1,2022
0,0,100,other,0,0,1,0,1,4,2022
0,0,100,other,0,0,1,0,1,1,2022
0,0,100,other,0,0,1,0,1,1,2022
0,0,100,other,0,0,1,0,1,1,2022
0,0,100,other,0,0,1,0,1,1,2022
0,1.89970427772368,94.6111111111111,open,0,1,0,0,1,4,2022
0,0,100,other,0,0,1,0,1,1,2022
18.2029135741943,2.42576122590395,81.8055555555556,other,0,0,1,0,1,4.65454530715942,2022
0,1.93088422260211,95.0833333333333,other,0,0,1,1,1,8,2022
0,0,100,other,0,0,1,0,1,1,2022
0,1.80147452548115,90.5833333333333,other,0,0,1,0,1,1,2022
0,1.9819748254352,89.75,open,0,1,0,1,1,2.32727265357971,2022
0,1.82319564347895,98.3055555555556,other,0,0,1,0,1,1,2022
0,1.91234326037689,71.8333333333333,other,0,0,1,0,1,1,2022
0,0,100,other,0,0,1,0,1,1,2022
0,0,100,open,0,1,0,0,1,4,2022
0,0,100,other,0,0,1,0,1,1,2022
0,0,100,other,0,0,1,0,1,1,2022
0,0,100,other,0,0,1,0,1,1,2022
5.90025796430339,1.69100707054985,99.4444444444444,other,0,0,1,0,1,4.65454530715942,2022
0,0,100,other,0,0,1,0,1,1,2022
0,0,100,other,0,0,1,0,1,1,2022
0,0,100,other,0,0,1,0,1,1,2022
32.9244015727882,1.98576399701733,63.4722222222222,closed,1,0,0,0,1,2.32727265357971,2022
0,1.67826680585358,98.9722222222222,other,0,0,1,0,1,1,2022
0,0,100,other,0,0,1,0,1,1,2022
0,0,100,other,0,0,1,0,1,1,2022
0,0,100,other,0,0,1,0,1,1,2022
0,0,100,other,0,0,1,0,1,1,2022
0,0,100,other,0,0,1,0,1,1,2023
109.21807614988,2.56085503194501,38.5555555555556,closed,1,0,0,0,1,2.28571438789368,2023
0,0,100,other,0,0,1,0,1,1,2023
0,0,100,other,0,0,1,0,1,8,2023
55.080518815979,2.06439039689539,36.75,closed,1,0,0,0,1,2.28571438789368,2023
19.5353999485781,1.70152672329422,81.6388888888889,closed,1,0,0,0,1,4.57142877578735,2023
0,0,100,other,0,0,1,0,1,1,2023
0,0,100,other,0,0,1,0,1,1,2023
0,0,100,other,0,0,1,0,1,1,2023
0,1.88749392739105,95.5277777777778,open,0,1,0,0,1,2.28571438789368,2023
0,1.85450287860412,98.5277777777778,other,0,0,1,0,1,1,2023
0,1.79056648335555,99.2222222222222,other,0,0,1,0,1,1,2023
82.6196552563498,2.07883525014321,60.6111111111111,closed,1,0,0,0,1,2.28571438789368,2023
0,0,100,other,0,0,1,1,1,1,2023
37.0380993804112,2.10944644921915,57.7777777777778,closed,1,0,0,1,1,4.57142877578735,2023
19.547729911535,2.02234412108192,86.3055555555556,open,0,1,0,0,1,4.57142877578735,2023
0,0,100,other,0,0,1,0,1,1,2023
9.88864776566504,1.74344992532101,98.6111111111111,other,0,0,1,0,1,2.28571438789368,2023
0,0,100,other,0,0,1,0,1,1,2023
110.6509947648,2.11461233616195,0,closed,1,0,0,0,1,2.28571438789368,2023
0,0,100,other,0,0,1,0,1,1,2023
0,0,100,other,0,0,1,0,1,1,2023
0,0,100,other,0,0,1,0,1,1,2023
0,0,100,other,0,0,1,0,1,4,2023
0,1.85079706068448,98.7777777777778,other,0,0,1,1,1,4.57142877578735,2023
116.659083948633,2.26619786064567,0.833333333333333,closed,1,0,0,0,1,4.57142877578735,2023
0,2.03984731009627,83.9722222222222,closed,1,0,0,0,1,2.28571438789368,2023
0,0,100,other,0,0,1,0,1,1,2023
0,0,100,other,0,0,1,0,1,1,2023
42.6236046427227,2.08575440824416,53.1666666666667,closed,1,0,0,0,1,2.28571438789368,2023
0,0,100,other,0,0,1,1,1,1,2023
0,0,100,other,0,0,1,0,1,1,2023
0,0,100,other,0,0,1,0,1,1,2023
0,0,100,other,0,0,1,0,1,1,2023
0,0,100,other,0,0,1,0,1,1,2023
43.9273394182516,1.89417560368585,76,open,0,1,0,0,1,2.28571438789368,2023
0,0,100,other,0,0,1,0,1,4,2023
0,1.9896562648133,81.4722222222222,other,0,0,1,0,1,1,2023
50.5651166557867,1.89957774459578,86.9444444444444,closed,1,0,0,0,1,2.28571438789368,2023
0,1.99685381841625,41.6666666666667,other,0,0,1,0,1,1,2023
0,1.61700516711423,99.8611111111111,other,0,0,1,0,1,1,2023
0,0,100,other,0,0,1,0,1,1,2023
0,0,100,open,0,1,0,1,1,2.28571438789368,2023
0,0,100,other,0,0,1,0,1,1,2023
0,0,100,closed,1,0,0,0,1,4.57142877578735,2023
0,0,100,other,0,0,1,0,1,1,2023
0,0,100,other,0,0,1,0,1,1,2023
0,0,100,other,0,0,1,0,1,1,2023
0,0,100,other,0,0,1,0,1,1,2023
0,0,100,other,0,0,1,0,1,1,2023
0,0,100,other,0,0,1,0,1,1,2023
42.0834163040851,1.92939444384068,63.0833333333333,other,0,0,1,0,1,2.28571438789368,2023
0,0,100,open,0,1,0,0,1,1,2023
0,0,100,other,0,0,1,0,1,1,2023
0,0,100,other,0,0,1,0,1,1,2023
0,1.61478267810618,45.1111111111111,other,0,0,1,0,1,1,2023
0,2.57197784268036,96.0555555555556,other,0,0,1,0,1,1,2024
0,2.08609253479206,94.8055555555556,other,0,0,1,0,1,1,2024
0,1.75337397846848,99.2777777777778,closed,1,0,0,0,1,2.28571438789368,2024
0,1.84794559239971,97.2222222222222,other,0,0,1,0,1,1,2024
109.453903053183,2.02385351222517,20.8888888888889,closed,1,0,0,0,1,2.28571438789368,2024
0,0,100,other,0,0,1,0,1,1,2024
0,0,100,other,0,0,1,0,1,1,2024
0,0,100,other,0,0,1,1,1,1,2024
0,0,100,other,0,0,1,0,1,1,2024
0,2.28136647767922,41.1111111111111,other,0,0,1,0,1,2.28571438789368,2024
0,0,100,other,0,0,1,1,1,8,2024
0,0,100,other,0,0,1,0,1,1,2024
2.74425870236248,0,100,other,0,0,1,0,1,2.28571438789368,2024
9.45574141567189,1.74065432980321,90.25,closed,1,0,0,0,1,4.57142877578735,2024
0,0,100,other,0,0,1,0,1,1,2024
0,0,100,other,0,0,1,0,1,1,2024
7.9534287834928,2.10460674511068,95.25,other,0,0,1,0,1,2.28571438789368,2024
0,0,100,other,0,0,1,1,1,1,2024
27.233934225256,2.24283986157307,69.9722222222222,closed,1,0,0,1,1,2.28571438789368,2024
0,1.614525200457,99.9444444444444,other,0,0,1,0,1,1,2024
0,0,100,other,0,0,1,0,1,1,2024
4.44373588305149,0,100,closed,1,0,0,0,1,2.28571438789368,2024
0,0,100,other,0,0,1,0,1,1,2024
20.4626276413705,1.81278118979703,77.3888888888889,closed,1,0,0,0,1,4.57142877578735,2024
0,0,100,other,0,0,1,0,1,1,2024
0,0,100,other,0,0,1,0,1,1,2024
0,0,100,other,0,0,1,0,1,4,2024
0,0,100,other,0,0,1,0,1,1,2024
0,1.86412933623467,99.9166666666667,other,0,0,1,0,1,1,2024
32.2774095885559,1.79212724442032,88.1388888888889,closed,1,0,0,0,1,4.57142877578735,2024
0,1.68036742467378,99.8611111111111,closed,1,0,0,1,1,4,2024
11.6128229985141,1.64055254218801,99.3333333333333,closed,1,0,0,0,1,4.57142877578735,2024
0,0,100,other,0,0,1,0,1,1,2024
0,0,100,other,0,0,1,0,1,1,2024
0,0,100,other,0,0,1,1,1,1,2024
0,0,100,other,0,0,1,0,1,1,2024
0,1.85212975798749,89.3055555555556,other,0,0,1,0,1,1,2024
60.6854100310723,1.67749398799488,82.75,closed,1,0,0,0,1,2.28571438789368,2024
0,0,100,other,0,0,1,0,1,1,2024
0,0,100,other,0,0,1,0,1,1,2024
0,0,100,other,0,0,1,0,1,1,2024
22.0425408572421,1.80944172371168,87.3055555555556,closed,1,0,0,0,1,4.57142877578735,2024
0,0,100,other,0,0,1,1,1,4.57142877578735,2024
0,1.73554129765935,86.3333333333333,other,0,0,1,0,1,1,2024
0,1.88452546076177,89.7777777777778,other,0,0,1,0,1,1,2024
0,0,100,other,0,0,1,0,1,1,2024
0,0,100,other,0,0,1,0,1,1,2024
0,2.00684001407041,93.6111111111111,other,0,0,1,0,1,1,2024
0,0,100,other,0,0,1,0,1,1,2024
0,0,100,other,0,0,1,0,1,1,2024
0,0,100,other,0,0,1,0,1,1,2024
0,0,100,other,0,0,1,0,1,1,2024
0,0,100,other,0,0,1,0,1,1,2024
0,1.66956400888916,0,other,0,0,1,0,1,1,2024
0,0,100,other,0,0,1,0,1,4,2024
